t,tau,beta,c,y0,dtau,dbeta,dc,dy0
34.8,0.676171938894556,0.7474167586632304,0.01956855848858063,1.0024471226673664,0.14940658567030324,0.11761847602830572,0.0024916403644643682,5.920655251511262e-05
