t,tau,beta,c,y0,dtau,dbeta,dc,dy0
198.0,3.017592953346517,0.615843986513408,0.025666307993542865,1.002424875486125,0.14340917497818867,0.015630987254361083,0.0006138681323686854,1.1735846977584976e-05
