t,tau,beta,c,y0,dtau,dbeta,dc,dy0
146.7,5.974308821799779,0.8092889148548459,0.03084496525660854,1.0025037743308658,0.20256397777605503,0.022443594331137493,0.0006365107467555607,2.4953662313915503e-05
