t,tau,beta,c,y0,dtau,dbeta,dc,dy0
19.8,2.1632032417547333,0.6938098729778381,0.023193312383295885,1.0026469222598462,0.2403707256596028,0.0564714552407901,0.0014912813299555927,0.00011647054013620036
