t,tau,beta,c,y0,dtau,dbeta,dc,dy0
100.8,3.9127768465671435,0.7229609460476021,0.02700967164349919,1.0028112853960316,0.3468296135679748,0.04454050881028196,0.0013492150543056964,4.9074131382232674e-05
