t,tau,beta,c,y0,dtau,dbeta,dc,dy0
865.07465,6.496158798451817,0.7626796210543458,0.025922792390473074,1.0026477079834553,0.4908631593150216,0.051288050164496224,0.0005368831308488544,0.00040443103998791285
