t,tau,beta,c,y0,dtau,dbeta,dc,dy0
197.9,1.5263932537308833,0.6776258714598297,0.023121806145756242,1.0024047231505964,0.1134172711218569,0.03085338663058448,0.000918609206975904,1.2960638515492532e-05
