t,tau,beta,c,y0,dtau,dbeta,dc,dy0
33.0,0.7455589646215227,0.6431490612794144,0.02151020803038715,1.0025121239438903,0.11506997364165425,0.057220414191573345,0.0017210727669785617,4.287713412200326e-05
