t,tau,beta,c,y0,dtau,dbeta,dc,dy0
192.5,3.0862939618112657,0.6943428982087598,0.02553283707626191,1.002384176954155,0.12722862733207707,0.018371593638970972,0.0005726722561933146,1.2284865278059394e-05
