t,tau,beta,c,y0,dtau,dbeta,dc,dy0
56.2,5.526589253407471,0.8481873225822237,0.03321274028339814,1.0023049951332847,0.6226158812844675,0.08721366113439719,0.0023921778278542818,0.00017058535473265661
