t,tau,beta,c,y0,dtau,dbeta,dc,dy0
66.0,1.8954165080211096,0.649915798377248,0.024386732417143682,1.0024270700940703,0.14183939658427738,0.028644957447592607,0.0009559818401080081,2.7423756792292887e-05
