t,tau,beta,c,y0,dtau,dbeta,dc,dy0
1153.43305,5.485729865459022,0.7412701635733083,0.0066363110874739385,1.0032309283659444,0.8499644509198238,0.10379698412933605,0.0002686978767186979,0.00018824357930859547
