t,tau,beta,c,y0,dtau,dbeta,dc,dy0
192.5,2.92759088479439,0.6701495707401228,0.02546582113714014,1.0024243739368257,0.13654283847548962,0.01892764719643121,0.0006326420451441908,1.2620167073882198e-05
