t,tau,beta,c,y0,dtau,dbeta,dc,dy0
256.7,5.43123773167206,0.7478104257411111,0.03004405261365368,1.0025129542049167,0.18062370121199017,0.017920849367602663,0.0005720815869182037,1.5009267962084223e-05
