t,tau,beta,c,y0,dtau,dbeta,dc,dy0
100.8,5.639022772741296,0.7748915034179793,0.02974188355026669,1.0025774220231758,0.3260539180820401,0.03489423046231597,0.001020770073278762,4.807805813787307e-05
