t,tau,beta,c,y0,dtau,dbeta,dc,dy0
66.0,3.8190382213817373,0.6699733913315704,0.023622328092639325,1.002611698361647,0.20624002026426783,0.023196362331091618,0.0006916605756883637,3.2129644437584924e-05
