t,tau,beta,c,y0,dtau,dbeta,dc,dy0
93.5,3.9136220306273493,0.6943294099355543,0.026543183789485756,1.0023565033244064,0.206171909161726,0.024081204284369665,0.0007684642313444998,2.8845746863426867e-05
