t,tau,beta,c,y0,dtau,dbeta,dc,dy0
55.0,0.9432248567251086,0.710261527699121,0.022055797345104898,1.0025069813212846,0.09172473323383935,0.04590513423189687,0.0011853831193172888,2.6742412367679153e-05
