t,tau,beta,c,y0,dtau,dbeta,dc,dy0
865.07465,6.781741717387691,0.7487640720523027,0.02837016020989848,1.0025198376944453,0.40950939184154456,0.03940945300408818,0.0004674419658540432,0.00035289520438433
