t,tau,beta,c,y0,dtau,dbeta,dc,dy0
6.8,0.5493416998994033,0.7887198534799316,0.021075057660094206,1.0026165992623999,0.08891447853738424,0.10417727024885004,0.00207114164941102,0.00012578777746409517
