t,tau,beta,c,y0,dtau,dbeta,dc,dy0
33.0,0.7244237164226018,0.7280499208733547,0.022463898705895137,1.002439621334637,0.10033633553875616,0.06974069927363381,0.0017523030208729154,4.574436389403404e-05
