t,tau,beta,c,y0,dtau,dbeta,dc,dy0
865.07465,6.388858607457012,0.860319787360021,0.02465921401298956,1.0028010346558318,0.8247387109184531,0.11085033163933039,0.0009063066852049425,0.000693356492008178
