t,tau,beta,c,y0,dtau,dbeta,dc,dy0
93.5,4.77427290784669,0.7298419373342704,0.02661783849382092,1.0024308320080493,0.19816951125343166,0.021599422188960743,0.0006296734151510242,2.7343214718452988e-05
