t,tau,beta,c,y0,dtau,dbeta,dc,dy0
21.1,1.5068175144133658,0.7098921924855763,0.02529696185010511,1.0025224351498145,0.15654073256210016,0.051999714104120166,0.0014873575687491603,8.163870033709388e-05
