t,tau,beta,c,y0,dtau,dbeta,dc,dy0
32.2,0.2940096761468445,0.7899859713615698,0.02043981270264438,1.0025330201541467,0.07073857210429839,0.14677517481434077,0.002926874239438606,4.9353396780171355e-05
