t,tau,beta,c,y0,dtau,dbeta,dc,dy0
48.1,0.844395221455679,0.7061783773895922,0.02170908686108104,1.0025077018629902,0.13263033458158788,0.07308717573999256,0.0018778465569735967,4.266860596565377e-05
