t,tau,beta,c,y0,dtau,dbeta,dc,dy0
192.5,3.495686386714205,0.6873994932276386,0.02629126057390236,1.0023793632632467,0.13615206023280763,0.016964173470808204,0.0005536661561094446,1.2665475337182164e-05
