t,tau,beta,c,y0,dtau,dbeta,dc,dy0
159.5,2.6678128948537685,0.6792768024103514,0.022949676230012657,1.0024622013532154,0.16727348644905388,0.026338399962802496,0.0007742653381290947,1.6340607595697384e-05
